qubits,abirqu_mean,abirqu_std,qiskit_mean,qiskit_std,cirq_mean,cirq_std,gates
5,0.000685,0.000815,0.046102,0.078638,0.274578,0.474909,50
10,0.000469,0.000121,0.001714,0.000073,0.000619,0.000036,100
15,0.000572,0.000021,0.002706,0.000146,0.000820,0.000014,150
20,0.000717,0.000014,0.022670,0.000970,0.001035,0.000012,200
25,0.000878,0.000023,0.025975,0.001497,0.001250,0.000019,250
