qubits,abirqu_mean,abirqu_std,qiskit_mean,qiskit_std,cirq_mean,cirq_std,gates
4,0.000287,0.000455,0.077514,0.027049,0.003239,0.000420,20
8,0.000059,0.000010,0.062496,0.000739,0.005159,0.000018,40
12,0.000557,0.000051,0.064621,0.000910,0.007319,0.000021,60
14,0.003805,0.000652,0.066829,0.000113,0.009074,0.000062,70
