qubits,abirqu_mean,abirqu_std,qiskit_mean,qiskit_std,cirq_mean,cirq_std
4,0.000480,0.000061,0.068467,0.000791,0.004987,0.000156
8,0.000908,0.000042,0.067709,0.000435,0.008075,0.000149
10,0.001698,0.000019,0.068014,0.000757,0.009725,0.000141
12,0.002760,0.000012,0.068710,0.001099,0.011150,0.000162
