qubits,abirqu_mean,abirqu_std,qiskit_mean,qiskit_std,cirq_mean,cirq_std
4,0.000638,0.000331,0.081254,0.010221,0.007016,0.000135
8,0.000939,0.000043,0.151441,0.000239,0.016714,0.000163
10,0.001767,0.000051,0.076258,0.005509,0.112452,0.001532
