qubits,abirqu_mean,abirqu_std,qiskit_mean,qiskit_std,cirq_mean,cirq_std
4,0.000441,0.000047,0.063177,0.000364,0.001610,0.000047
8,0.000802,0.000029,0.063620,0.000439,0.003215,0.000081
10,0.001235,0.000014,0.064430,0.000240,0.004224,0.000035
12,0.002131,0.000006,0.067385,0.001052,0.005993,0.000036
