qubits,abirqu_s,qiskit_s,cirq_s
10,0.000017,0.063306,0.001654
14,0.000034,0.065789,0.001626
18,0.001546,0.146668,0.002253
20,0.005621,0.159595,0.002342
22,0.025599,0.188412,0.002586
24,0.093245,0.410867,0.002668
