qubits,abirqu_mean,abirqu_std,qiskit_mean,qiskit_std,cirq_mean,cirq_std
4,0.000084,0.000014,0.066576,0.002866,0.001376,0.000023
8,0.000107,0.000005,0.062734,0.000344,0.002001,0.000038
10,0.000131,0.000009,0.062793,0.000684,0.002611,0.000393
12,0.000207,0.000027,0.064273,0.000744,0.002682,0.000036
14,0.000939,0.000128,0.064395,0.000156,0.003220,0.000058
16,0.002534,0.000185,0.141838,0.003078,0.004190,0.000114
20,0.017417,0.005831,0.159042,0.001670,0.017163,0.002380
24,0.501706,0.009619,0.510297,0.024171,0.237483,0.000952
