qubits,abirqu_mean,abirqu_std,qiskit_mean,qiskit_std,cirq_mean,cirq_std
4,0.000070,0.000007,0.004975,0.000068,0.010001,0.000842
8,0.000084,0.000005,0.004990,0.000072,0.018753,0.000641
12,0.000098,0.000003,0.005315,0.000093,0.026260,0.000325
16,0.000117,0.000010,0.005226,0.000048,0.034030,0.000228
